{
	"format_version": "1.8.0",
	"animations": {
		"animation.ant.walk": {
			"loop": true,
			"anim_time_update": "q.modified_distance_moved",
			"animation_length": 1.5,
			"bones": {
				"thorax": {
					"rotation": {
						"0.0": [0, 0, 0],
						"0.0833": [0, 0, 0],
						"0.25": [1, 0, 0],
						"0.4167": [0, 0, 0],
						"0.5": [0, 0, 0],
						"0.5833": [0, 0, 0],
						"0.75": [1, 0, 0],
						"0.9167": [0, 0, 0],
						"1.0": [0, 0, 0],
						"1.0833": [0, 0, 0],
						"1.25": [1, 0, 0],
						"1.4167": [0, 0, 0],
						"1.5": [0, 0, 0]
					},
					"position": {
						"0.0": [0, 0, 0],
						"0.25": [0, -0.25, 0],
						"0.5": [0, 0, 0],
						"0.75": [0, -0.25, 0],
						"1.0": [0, 0, 0],
						"1.25": [0, -0.25, 0],
						"1.5": [0, 0, 0]
					}
				},
				"abdomen": {
					"rotation": {
						"0.0": ["1/4", 0, 0],
						"0.0833": [-1, 0, 0],
						"0.3333": [1, 0, 0],
						"0.5833": [-1, 0, 0],
						"0.8333": [1, 0, 0],
						"1.0833": [-1, 0, 0],
						"1.3333": [1, 0, 0],
						"1.5": ["1*1/4", 0, 0]
					}
				},
				"head": {
					"rotation": {
						"0.0": ["-1/4", 0, 0],
						"0.0833": [1, 0, 0],
						"0.3333": [-1, 0, 0],
						"0.5833": [1, 0, 0],
						"0.8333": [-1, 0, 0],
						"1.0833": [1, 0, 0],
						"1.3333": [-1, 0, 0],
						"1.5": ["-1*1/4", 0, 0]
					}
				},
				"leg": {
					"rotation": {
						"0.0": [0, 0, 15],
						"0.5": [-4.9285, -11.23777, 2.97937],
						"1.0": [3.32965, 6.06886, 1.7465],
						"1.5": [0, 0, 15]
					}
				},
				"leg2": {
					"rotation": {
						"0.0": [0, 7.5, 0],
						"0.5": [0, 0, 15],
						"1.0": [-5.54674, -12.27019, 2.54874],
						"1.5": [0, 7.5, 0]
					}
				},
				"leg3": {
					"rotation": {
						"0.0": [-5, -10, 0],
						"0.5": [0, 0, 0],
						"1.0": [0, 0, 15],
						"1.5": [-5, -10, 0]
					}
				},
				"leg4": {
					"rotation": {
						"0.0": [0, 0, 0],
						"0.5": [0, 0, -15],
						"1.0": [-5, 10, 0],
						"1.5": [0, 0, 0]
					}
				},
				"leg5": {
					"rotation": {
						"0.0": [0, 0, -15],
						"0.5": [-5.54674, 12.2702, -2.5487],
						"1.0": [0, -7.5, 0],
						"1.5": [0, 0, -15]
					}
				},
				"leg6": {
					"rotation": {
						"0.0": [-4.9285, 11.2378, -2.9794],
						"0.5": [3.32965, -6.0689, -1.7465],
						"1.0": [0, 0, -15],
						"1.5": [-4.9285, 11.2378, -2.9794]
					}
				},
				"antenae": {
					"rotation": {
						"0.0": ["-2.5/2", 0, 0],
						"0.125": [2.5, 0, 0],
						"0.375": [-2.5, 0, 0],
						"0.625": [2.5, 0, 0],
						"0.875": [-2.5, 0, 0],
						"1.125": [2.5, 0, 0],
						"1.375": [-2.5, 0, 0],
						"1.5": ["-2.5/2", 0, 0]
					}
				}
			}
		},
		"animation.ant.bite": {
			"loop": "hold_on_last_frame",
			"animation_length": 0.58333,
			"bones": {
				"thorax": {
					"rotation": {
						"0.0": {
							"post": [0, 0, 0],
							"lerp_mode": "catmullrom"
						},
						"0.1667": {
							"post": [-7.5, 0, 0],
							"lerp_mode": "catmullrom"
						},
						"0.2917": {
							"post": [7.5, 0, 0],
							"lerp_mode": "catmullrom"
						},
						"0.4167": {
							"post": [0, 0, 0],
							"lerp_mode": "catmullrom"
						},
						"0.4583": {
							"post": [0, 0, 0],
							"lerp_mode": "catmullrom"
						},
						"0.5833": [0, 0, 0]
					},
					"position": {
						"0.0": {
							"post": [0, 0, 0],
							"lerp_mode": "catmullrom"
						},
						"0.1667": {
							"post": [0, -4, 0],
							"lerp_mode": "catmullrom"
						},
						"0.2917": {
							"post": [0, 7, 0],
							"lerp_mode": "catmullrom"
						},
						"0.4167": {
							"post": [0, -6.5, 0],
							"lerp_mode": "catmullrom"
						},
						"0.4583": {
							"post": [0, -6.5, 0],
							"lerp_mode": "catmullrom"
						},
						"0.5833": [0, 0, 0]
					}
				},
				"jaw": {
					"rotation": {
						"0.0": [0, 0, 0],
						"0.0833": [0, 60, 0],
						"0.25": [0, 60, 0],
						"0.2917": [0, -10, 0],
						"0.4167": [0, -10, 0],
						"0.4583": [0, -10, 0],
						"0.5833": [0, 0, 0]
					}
				},
				"jaw2": {
					"rotation": {
						"0.0": [0, 0, 0],
						"0.0833": [0, -60, 0],
						"0.25": [0, -60, 0],
						"0.2917": [0, 10, 0],
						"0.4167": [0, 10, 0],
						"0.4583": [0, 10, 0],
						"0.5833": [0, 0, 0]
					}
				},
				"leg": {
					"rotation": {
						"0.0": {
							"post": [0, 0, 0],
							"lerp_mode": "catmullrom"
						},
						"0.1667": {
							"post": [-43.61135, -7.1076, 6.3601],
							"lerp_mode": "catmullrom"
						},
						"0.2917": {
							"post": [30.93051, 4.0676, -14.3286],
							"lerp_mode": "catmullrom"
						},
						"0.4167": {
							"post": [7.02568, -3.7282, 26.1586],
							"lerp_mode": "catmullrom"
						},
						"0.4583": {
							"post": [7.02568, -3.7282, 26.1586],
							"lerp_mode": "catmullrom"
						},
						"0.5833": [0, 0, 0]
					}
				},
				"leg2": {
					"rotation": {
						"0.0": {
							"post": [0, 0, 0],
							"lerp_mode": "catmullrom"
						},
						"0.1667": {
							"post": [-39.41507, -10.214, 4.3706],
							"lerp_mode": "catmullrom"
						},
						"0.2917": {
							"post": [33.66802, 9.9063, -19.6964],
							"lerp_mode": "catmullrom"
						},
						"0.4167": {
							"post": [18.43677, -7.7661, 18.7349],
							"lerp_mode": "catmullrom"
						},
						"0.4583": {
							"post": [18.43677, -7.7661, 18.7349],
							"lerp_mode": "catmullrom"
						},
						"0.5833": [0, 0, 0]
					}
				},
				"leg3": {
					"rotation": {
						"0.0": {
							"post": [0, 0, 0],
							"lerp_mode": "catmullrom"
						},
						"0.1667": {
							"post": [-38.30427, -7.4152, 4.2424],
							"lerp_mode": "catmullrom"
						},
						"0.2917": {
							"post": [23.30001, 17.5672, -13.668],
							"lerp_mode": "catmullrom"
						},
						"0.4167": {
							"post": [19.64056, 3.8837, 18.8213],
							"lerp_mode": "catmullrom"
						},
						"0.4583": {
							"post": [19.64056, 3.8837, 18.8213],
							"lerp_mode": "catmullrom"
						},
						"0.5833": [0, 0, 0]
					}
				},
				"leg4": {
					"rotation": {
						"0.0": {
							"post": [0, 0, 0],
							"lerp_mode": "catmullrom"
						},
						"0.1667": {
							"post": [-38.30427, 7.41518, -4.24245],
							"lerp_mode": "catmullrom"
						},
						"0.2917": {
							"post": [23.30001, -17.56717, 13.668],
							"lerp_mode": "catmullrom"
						},
						"0.4167": {
							"post": [19.64056, -3.8837, -18.82129],
							"lerp_mode": "catmullrom"
						},
						"0.4583": {
							"post": [19.64056, -3.8837, -18.82129],
							"lerp_mode": "catmullrom"
						},
						"0.5833": [0, 0, 0]
					}
				},
				"leg5": {
					"rotation": {
						"0.0": {
							"post": [0, 0, 0],
							"lerp_mode": "catmullrom"
						},
						"0.1667": {
							"post": [-39.41507, 10.21398, -4.3706],
							"lerp_mode": "catmullrom"
						},
						"0.2917": {
							"post": [33.66802, -9.90633, 19.69636],
							"lerp_mode": "catmullrom"
						},
						"0.4167": {
							"post": [18.43677, 7.7661, -18.73492],
							"lerp_mode": "catmullrom"
						},
						"0.4583": {
							"post": [18.43677, 7.7661, -18.73492],
							"lerp_mode": "catmullrom"
						},
						"0.5833": [0, 0, 0]
					}
				},
				"leg6": {
					"rotation": {
						"0.0": {
							"post": [0, 0, 0],
							"lerp_mode": "catmullrom"
						},
						"0.1667": {
							"post": [-43.61135, 7.1076, -6.36012],
							"lerp_mode": "catmullrom"
						},
						"0.2917": {
							"post": [30.93051, -4.06758, 14.32858],
							"lerp_mode": "catmullrom"
						},
						"0.4167": {
							"post": [7.02568, 3.7282, -26.15863],
							"lerp_mode": "catmullrom"
						},
						"0.4583": {
							"post": [7.02568, 3.7282, -26.15863],
							"lerp_mode": "catmullrom"
						},
						"0.5833": [0, 0, 0]
					}
				},
				"body": {
					"rotation": {
						"0.0": {
							"post": [0, 0, 0],
							"lerp_mode": "catmullrom"
						},
						"0.1667": {
							"post": [7.5, 0, 0],
							"lerp_mode": "catmullrom"
						},
						"0.2917": {
							"post": [7.5, 0, 0],
							"lerp_mode": "catmullrom"
						},
						"0.4167": {
							"post": [7.5, 0, 0],