{
	"format_version": "1.8.0",
	"animations": {
		"animation.centipede_body.move": {
			"loop": true,
			"animation_length": 1.5,
			"anim_time_update": "q.modified_distance_moved*0.25",
			"bones": {
				"bb_main": {
					"rotation": ["query.body_x_rotation", 0, 0]
				},
				"leg": {
					"rotation": {
						"0.0": [21.64529, 55.04927, 45.63928],
						"0.5": [4.97619, -52.2899, 22.0891],
						"1.0": [0, 0, 42.5],
						"1.5": [21.64529, 55.04927, 45.63928]
					}
				},
				"leg2": {
					"rotation": {
						"0.0": [4.97619, 52.2899, -22.08905],
						"0.5": [0, 0, -42.5],
						"1.0": [21.64529, -55.0493, -45.6393],
						"1.5": [4.97619, 52.2899, -22.08905]
					}
				},
				"lower": {
					"rotation": {
						"0.0": [0, 0, 60],
						"0.5": [0, 0, 55],
						"1.0": [0, 0, 80],
						"1.5": [0, 0, 60]
					}
				},
				"lower2": {
					"rotation": {
						"0.0": [0, 0, -80],
						"0.5": [0, 0, -60],
						"1.0": [0, 0, -55],
						"1.5": [0, 0, -80]
					}
				}
			}
		}
	}
}