{
	"format_version": "1.8.0",
	"animations": {
		"animation.centipede_tail.move": {
			"loop": true,
			"animation_length": 1.5,
			"anim_time_update": "q.modified_distance_moved*0.25",
			"bones": {
				"bb_main": {
					"rotation": ["query.body_x_rotation", 0, 0]
				},
				"leg": {
					"rotation": {
						"0.0": [89.18102, -12.3926, 90.819],
						"0.75": [17.20983, -46.49147, 13.69517],
						"1.5": [89.18102, -12.3926, 90.819]
					}
				},
				"lower2": {
					"rotation": [0, 0, -50]
				},
				"leg2": {
					"rotation": {
						"0.0": [17.20983, 46.4915, -13.6952],
						"0.75": [89.18102, 12.39264, -90.81898],
						"1.5": [17.20983, 46.4915, -13.6952]
					}
				},
				"lower": {
					"rotation": [0, 0, 50]
				}
			}
		}
	}
}