{
	"format_version": "1.8.0",
	"animations": {
		"animation.ladybug.walk": {
			"loop": true,
			"animation_length": 1.5,
			"bones": {
				"lower2": {
					"rotation": [0, 0, 10]
				},
				"leg": {
					"rotation": {
						"0.0": [-13.35244, -27.56575, 1.04353],
						"0.5": [-11.28007, 7.64567, -1.68369],
						"1.0": [-11.36234, -12.21543, 12.77394],
						"1.5": [-13.35244, -27.56575, 1.04353]
					}
				},
				"leg2": {
					"rotation": {
						"0.0": [13.92791, 32.21117, 0.4243],
						"0.5": [2.38576, 12.67765, 11.13062],
						"1.0": [-2.10743, -2.83292, -1.98893],
						"1.5": [13.92791, 32.21117, 0.4243]
					}
				},
				"leg3": {
					"rotation": {
						"0.0": [3.02173, 47.23375, -9.3415],
						"0.5": [2.14806, 17.26207, -10.9231],
						"1.0": [4.80371, 64.69566, -7.21614],
						"1.5": [3.02173, 47.23375, -9.3415]
					}
				},
				"lower5": {
					"rotation": [0, 0, -10]
				},
				"lower6": {
					"rotation": {
						"0.0": [-1.71368, 1.57461, -36.6099],
						"0.5": [-1.961, 1.25318, -46.6078],
						"1.0": [-2.31793, 0.2064, -74.09052],
						"1.5": [-1.71368, 1.57461, -36.6099]
					}
				},
				"leg4": {
					"rotation": {
						"0.0": [-11.28007, -7.64567, 1.68369],
						"0.5": [-11.36234, 12.21543, -12.77394],
						"1.0": [-13.35244, 27.56575, -1.04353],
						"1.5": [-11.28007, -7.64567, 1.68369]
					}
				},
				"leg5": {
					"rotation": {
						"0.0": [2.38576, -12.67765, -11.13062],
						"0.5": [-2.10743, 2.83292, 1.98893],
						"1.0": [13.92791, -32.21117, -0.4243],
						"1.5": [2.38576, -12.67765, -11.13062]
					}
				},
				"leg6": {
					"rotation": {
						"0.0": [2.14806, -17.26207, 10.9231],
						"0.5": [4.80371, -64.69566, 7.21614],
						"1.0": [3.02173, -47.23375, 9.3415],
						"1.5": [2.14806, -17.26207, 10.9231]
					}
				},
				"lower3": {
					"rotation": {
						"0.0": [-2.31793, -0.2064, 74.09052],
						"0.5": [-1.71368, -1.57461, 36.6099],
						"1.0": [-1.961, -1.25318, 46.6078],
						"1.5": [-2.31793, -0.2064, 74.09052]
					}
				},
				"body": {
					"rotation": {
						"0.0": [0, 0, 0],
						"0.2": [-2.5, 0, 0],
						"0.5": [0, 0, 0],
						"0.7": [-2.5, 0, 0],
						"1.0": [0, 0, 0],
						"1.2": [-2.5, 0, 0],
						"1.5": [0, 0, 0]
					},
					"position": {
						"0.0": [0, 0, 0],
						"0.2": [0, -1, 0],
						"0.5": [0, 0, 0],
						"0.7": [0, -1, 0],
						"1.0": [0, 0, 0],
						"1.2": [0, -1, 0],
						"1.5": [0, 0, 0]
					}
				},
				"abdomen": {
					"rotation": {
						"0.2": [0, 0, 0],
						"0.3": [-2.5, 0, 0],
						"0.7": [0, 0, 0],
						"0.8": [-2.5, 0, 0],
						"1.2": [0, 0, 0],
						"1.3": [-2.5, 0, 0],
						"1.5": [0, 0, 0]
					}
				},
				"antenae": {
					"rotation": {
						"0.2": [0, 0, 0],
						"0.3": [7.5, 0, 0],
						"0.7": [0, 0, 0],
						"0.8": [7.5, 0, 0],
						"1.2": [0, 0, 0],
						"1.3": [7.5, 0, 0],
						"1.5": [0, 0, 0]
					}
				},
				"legs": {
					"position": {
						"0.0": [0, 0, 0],
						"0.2": [0, 1, 0],
						"0.5": [0, 0, 0],
						"0.7": [0, 1, 0],
						"1.0": [0, 0, 0],
						"1.2": [0, 1, 0],
						"1.5": [0, 0, 0]
					}
				}
			}
		},
		"animation.ladybug.ram": {
			"loop": "hold_on_last_frame",
			"animation_length": 0.83333,
			"bones": {
				"body": {
					"position": {
						"0.0": [0, 0, 0],
						"0.25": [0, -1, 10],
						"0.4167": [0, 0, -32],
						"0.75": [0, 0, 0]
					}
				},
				"abdomen": {
					"rotation": {
						"0.0": [0, 0, 0],
						"0.25": [5, 0, 0],
						"0.375": [5, 0, 0],
						"0.4583": [22.5, 0, 0],
						"0.5833": [-7.5, 0, 0],
						"0.75": [0, 0, 0]
					}
				},
				"antenae": {
					"rotation": {
						"0.0": [0, 0, 0],
						"0.25": [12.5, 0, 0],
						"0.375": [-9.17, 0, 0],
						"0.4583": [25, 0, 0],
						"0.75": [0, 0, 0]
					}
				},
				"leg": {
					"rotation": [-12.5, -32.5, 0]
				},
				"lower": {
					"rotation": [0, 0, 15]
				},
				"leg3": {
					"rotation": [15, 42.5, 0]
				},
				"lower3": {
					"rotation": [0, 0, 25]
				},
				"leg4": {
					"rotation": {
						"0.0": [-12.5, 32.5, 0],
						"0.25": [-27.52593, 35.89315, 4.47844],
						"0.4167": [31.4407, -14.73196, 0.52377],
						"0.75": [-12.5, 32.5, 0]
					}
				},
				"lower4": {
					"rotation": {
						"0.0": [0, 0, -15],
						"0.25": [0, 0, -30],
						"0.4167": [0, 0, 2.5],
						"0.75": [0, 0, -15]
					}
				},
				"leg5": {
					"rotation": {
						"0.0": [0, 0, 0],
						"0.25": [-29.98247, 0.85481, 2.34941],
						"0.4167": [32.60103, -30.24884, 3.65233],
						"0.75": [0, 0, 0]
					}
				},
				"lower5": {
					"rotation": {
						"0.0": [0, 0, 0],
						"0.25": [0, 0, 0],
						"0.4167": [0, 0, -22.5],
						"0.75": [0, 0, 0]
					}
				},
				"leg6": {
					"rotation": {
						"0.0": [15, -42.5, 0],
						"0.25": [15.00353, -17.73811, -6.7462],
						"0.4167": [43.41787, -44.01928, -0.30802],
						"0.75": [15, -42.5, 0]
					}
				},
				"lower6": {
					"rotation": {
						"0.0": [0, 0, -25],
						"0.25": [0, 0, -5],
						"0.4167": [0, 0, -42.5],
						"0.75": [0, 0, -25]
					}
				}
			}
		}
	}
}