{
	"format_version": "1.8.0",
	"animations": {
		"animation.mosquito.fly": {
			"loop": true,
			"animation_length": 0.20833,
			"bones": {
				"wing": {
					"rotation": {
						"0.0": {
							"post": [44.65908, 63.1383, 26.7521],
							"lerp_mode": "catmullrom"
						},
						"0.0417": {
							"post": [97.36371, 37.69091, 78.49924],
							"lerp_mode": "catmullrom"
						},
						"0.0833": {
							"post": [180.55754, 75.72544, 198.05205],
							"lerp_mode": "catmullrom"
						},
						"0.125": {
							"post": [96.5176, 65.94461, 105.1846],
							"lerp_mode": "catmullrom"
						},
						"0.1667": [44.65908, 63.1383, 26.7521]
					}
				},
				"body": {
					"rotation": {
						"0.0417": [2.5, 0, 0],
						"0.125": [0, 0, 0],
						"0.2083": [0, 0, 0]
					},
					"position": {
						"0.0": [0, -1, 0],
						"0.0833": [0, 0, 0],
						"0.1667": [0, -1, 0]
					}
				},
				"abdomen": {
					"rotation": {
						"0.0417": [0, 0, 0],
						"0.125": [-5, 0, 0],
						"0.2083": [0, 0, 0]
					}
				},
				"wing2": {
					"rotation": {
						"0.0": {
							"post": [44.65908, -63.1383, -26.7521],
							"lerp_mode": "catmullrom"
						},
						"0.0417": {
							"post": [97.36371, -37.6909, -78.4992],
							"lerp_mode": "catmullrom"
						},
						"0.0833": {
							"post": [180.55754, -75.7254, -198.0521],
							"lerp_mode": "catmullrom"
						},
						"0.125": {
							"post": [96.5176, -65.9446, -105.1846],
							"lerp_mode": "catmullrom"
						},
						"0.1667": [44.65908, -63.1383, -26.7521]
					}
				},
				"leg": {
					"rotation": [0, 65, 0]
				},
				"leg2": {
					"rotation": [19.37626, -19.9035, -45.9315]
				},
				"leg3": {
					"rotation": [-24.78507, 12.3106, -65.2149]
				},
				"leg4": {
					"rotation": [-24.78507, -12.31064, 65.21493]
				},
				"leg5": {
					"rotation": [19.37626, 19.90349, 45.93148]
				},
				"leg6": {
					"rotation": [0, -65, 0]
				}
			}
		}
	}
}