{
	"format_version": "1.8.0",
	"animations": {
		"animation.pow_bug.roll": {
			"loop": true,
			"animation_length": 1,
			"bones": {
				"body": {
					"rotation": {
						"0.0": [0, 0, 0],
						"1.0": [360, 0, 0]
					}
				}
			}
		},
		"animation.pow_bug.charge": {
			"animation_length": 1.375,
			"bones": {
				"body": {
					"rotation": {
						"0.0": {
							"post": [0, 0, 0],
							"lerp_mode": "catmullrom"
						},
						"1.0": {
							"post": [-270, 0, 0],
							"lerp_mode": "catmullrom"
						},
						"1.2917": [7.5, 0, 0],
						"1.3333": [0, 0, 0]
					},
					"position": {
						"1.2917": [0, 0, 0],
						"1.3333": [0, 1, 0],
						"1.375": [0, 0, 0]
					}
				}
			}
		},
		"animation.pow_bug.explode": {
			"animation_length": 0.75,
			"bones": {
				"body": {
					"rotation": {
						"0.0": [0, 0, 0],
						"0.0833": [0, 0, -5],
						"0.1667": [0, 0, 5]
					}
				},
				"bone": {
					"rotation": {
						"0.1667": [0, 0, 0],
						"0.2917": [0, 0, 32.5]
					},
					"position": {
						"0.1667": [0, 0, 0],
						"0.2917": [160, 22, 26]
					},
					"scale": {
						"0.1667": [1, 1, 1],
						"0.2917": [0, 0, 0]
					}
				},
				"bone2": {
					"rotation": {
						"0.1667": [0, 0, 0],
						"0.2917": [-20, 32.5, 0]
					},
					"position": {
						"0.1667": [0, 0, 0],
						"0.2917": [-185, 59, -129]
					},
					"scale": {
						"0.1667": [1, 1, 1],
						"0.2917": [0, 0, 0]
					}
				},
				"bone3": {
					"rotation": {
						"0.1667": [0, 0, 0],
						"0.2917": [0, -17.5, 0]
					},
					"position": {
						"0.1667": [0, 0, 0],
						"0.2917": [35, 0, -69]
					},
					"scale": {
						"0.1667": [1, 1, 1],
						"0.2917": [0, 0, 0]
					}
				},
				"bone4": {
					"rotation": {
						"0.1667": [0, 0, 0],
						"0.2917": [27.5, -15, 0]
					},
					"position": {
						"0.1667": [0, 0, 0],
						"0.2917": [-11, 75, 145]
					},
					"scale": {
						"0.1667": [1, 1, 1],
						"0.2917": [0, 0, 0]
					}
				},
				"bone5": {
					"rotation": {
						"0.1667": [0, 0, 0],
						"0.2917": [0, 7.5, 0]
					},
					"position": {
						"0.1667": [0, 0, 0],
						"0.2917": [21, 0, 187]
					},
					"scale": {
						"0.1667": [1, 1, 1],
						"0.2917": [0, 0, 0]
					}
				},
				"bone6": {
					"rotation": {
						"0.1667": [0, 0, 0],
						"0.2917": [3.45118, -9.39129, -20.28356]
					},
					"position": {
						"0.1667": [0, 0, 0],
						"0.2917": [-44, 0, 50]
					},
					"scale": {
						"0.1667": [1, 1, 1],
						"0.2917": [0, 0, 0]
					}
				}
			},
			"sound_effects": {
				"0.125": {
					"effect": "explode_sound"
				}
			},
			"particle_effects": {
				"0.125": {
					"effect": "explosion"
				}
			}
		}
	}
}